ip,count
201.254.132.124,1
5.138.146.72,1
43.245.14.114,1
179.39.2.133,1
186.250.118.21,1
116.55.233.216,23
113.206.157.86,1
92.222.67.29,104
221.210.200.245,15
212.103.123.118,1
123.11.35.192,1
80.96.83.129,1
190.51.181.178,2
91.224.160.131,145
191.82.8.216,1
190.237.220.187,1
201.24.149.105,1
181.22.149.37,1
116.21.9.167,1
85.99.115.140,1
220.233.29.186,1
181.23.45.174,1
218.109.213.224,1
31.173.222.206,1
189.90.217.254,1
116.54.192.214,1
188.113.142.126,1
91.200.12.17,1
163.177.41.114,1
201.13.162.97,1
90.151.81.178,1
90.151.86.68,1
50.34.125.104,1
167.250.124.212,1
195.154.102.181,6
93.181.34.101,1
201.254.144.22,1
191.96.249.8,30
182.33.215.87,1
186.61.134.151,1
178.47.191.160,1
94.177.161.130,7
114.254.20.136,1
115.239.101.192,1
111.0.99.248,1
80.134.194.57,2
222.93.193.121,1
190.48.117.76,1
82.130.167.166,2
157.255.31.135,1
62.210.85.56,78
31.162.76.46,1
37.78.82.127,1
115.29.44.71,46
196.220.226.26,1
195.249.146.196,1
167.250.185.99,1
111.113.21.194,1
178.46.205.226,1
218.3.255.170,1
110.200.220.236,1
191.96.249.35,16
181.21.133.178,1
42.236.82.178,1
106.57.160.18,1
93.147.61.144,1
190.173.8.66,1
116.54.201.179,1
125.212.242.20,1
78.29.92.234,1
171.212.140.38,1
201.178.246.86,1
186.0.128.184,1
220.249.98.98,1
58.19.144.51,1
106.57.45.46,1
170.79.149.66,1
78.129.171.131,2
213.108.183.218,1
125.106.189.71,1
183.93.254.44,1
92.126.233.64,1
120.132.55.105,70
46.197.219.25,104
116.235.142.161,2
122.189.247.77,1
118.232.17.115,1
159.226.34.63,1
131.0.178.75,1
120.25.98.83,6
190.48.195.168,1
31.23.171.175,1
125.106.227.155,1
94.56.246.201,1
122.241.146.131,1
139.217.3.220,105
181.25.223.107,5
69.172.177.253,1
219.153.202.153,1
122.191.211.219,1
75.107.204.90,1
181.20.128.192,1
62.94.244.244,2
119.185.40.57,1
95.25.125.34,1
223.153.230.125,1
186.57.20.78,1
60.184.239.167,1
179.41.132.246,1
204.124.119.251,1
178.44.54.248,1
103.55.78.143,1
183.94.60.172,1
179.40.187.132,1
35.162.173.219,1
60.213.190.98,1
222.101.189.100,1
185.110.132.202,110
116.231.190.71,1
124.65.150.38,1
185.56.82.66,2
115.209.45.17,1
188.240.223.198,106
115.211.150.100,1
139.5.112.250,1
27.251.70.94,1
117.242.148.174,1
122.189.247.74,1
113.5.255.22,249
222.142.145.125,1
14.155.9.73,1
183.163.23.29,1
179.41.190.71,2
186.133.149.220,2
88.250.93.94,1
222.172.57.151,1
144.0.237.80,1
116.115.0.234,1
42.236.82.180,1
111.196.213.114,1
39.67.253.92,1
222.29.46.233,1
113.124.141.235,1
186.56.161.14,3
115.206.108.125,1
198.211.115.57,28
91.195.103.166,3
121.251.50.6,1
107.155.6.41,522
177.106.211.115,1
178.47.185.62,1
51.15.5.175,7
113.90.117.70,1
210.77.2.254,1
14.157.56.135,1
139.219.227.39,1
83.41.58.220,1
88.247.116.254,1
137.164.120.87,1
5.45.77.30,90
116.14.182.234,1
101.108.127.186,1
66.76.39.35,94
153.205.46.24,1
76.89.172.46,1
81.212.109.229,610
122.192.89.108,1
115.146.123.162,134
115.211.198.184,1
122.5.242.169,1
5.167.3.40,1
51.15.44.62,22
88.150.230.127,323
183.81.83.111,1
125.123.79.177,1
186.62.31.214,1
123.4.223.235,1
62.122.89.92,1
221.223.104.168,1
60.184.152.228,1
182.74.197.242,9
183.152.81.226,1
51.15.56.204,15
182.46.176.42,1
183.152.212.26,1
93.103.187.46,1
190.218.201.131,106
186.59.12.68,3
191.82.216.160,1
93.158.215.196,6
5.45.87.52,2
68.101.8.75,1
114.32.100.101,1
121.123.153.46,21
117.71.18.20,1
222.159.61.79,1
94.177.186.32,29
223.68.171.195,1
115.248.207.78,1
174.95.162.104,3
218.83.155.86,57
190.184.181.186,1
134.249.142.110,1
47.155.28.228,1
121.248.150.13,509
139.170.220.99,2
115.208.148.183,1
105.101.188.84,1
210.212.182.184,1
183.93.254.17,1
109.235.70.74,10
46.148.17.18,3
119.163.168.173,1
60.190.98.50,1
212.129.27.25,2
162.243.68.172,4
175.213.200.121,1
27.102.192.6,4
104.250.138.83,5
186.155.196.42,1
58.211.162.35,106
36.255.67.47,1
121.42.48.1,312
51.15.5.7,18
124.124.214.42,10
121.40.34.54,35
123.57.67.230,48
115.28.111.192,43
120.92.50.30,1
155.133.16.246,3812
46.34.141.60,1
178.207.153.61,7
41.67.37.6,3
81.169.229.122,1
190.239.16.194,2
206.248.171.221,3
207.244.75.183,6
117.252.29.254,3
2.192.108.221,1
122.190.147.186,2
114.102.226.250,1
117.192.52.162,1
141.105.196.242,1
81.169.182.22,3
122.189.194.187,1
182.61.21.189,634
122.189.199.239,1
200.33.10.26,1
123.31.41.213,3
81.130.133.154,3
202.144.148.122,3
115.209.229.161,1
35.154.121.71,34
182.44.254.163,1
123.96.195.190,1
163.172.211.88,136
177.190.73.244,1
71.71.207.48,3
125.22.40.140,3
61.183.15.243,703
168.194.189.245,1
112.216.245.75,3
60.185.205.101,1
60.7.70.94,1
203.91.121.73,20
113.118.211.90,1
218.3.140.74,2
5.45.79.26,4
118.193.161.88,3
187.72.132.40,5
118.34.122.47,1
46.164.188.252,7
195.160.180.107,5
178.129.79.101,1
95.254.125.137,1
62.4.31.100,14
78.131.50.190,1
163.172.213.33,7
109.192.210.40,8
88.247.133.73,1
122.191.198.17,1
213.251.194.57,1
13.94.128.180,52
73.189.43.185,1
114.238.57.108,1
155.133.27.11,4
92.222.69.109,2
103.249.239.105,2
91.250.99.49,2
210.146.203.15,1
82.240.246.81,1
188.240.24.184,1
190.185.128.228,1
121.120.101.90,106
119.42.93.137,2
118.174.2.69,1
195.154.63.194,5
218.108.158.115,1
5.144.9.33,1
124.160.59.196,2
79.137.38.199,3
86.122.47.25,1
105.101.20.215,1
200.93.235.115,2
122.191.198.63,1
139.217.28.70,108
222.22.66.165,1
169.239.46.139,1
122.225.68.60,1
67.161.56.186,1
128.252.20.101,3
59.23.233.178,1
89.248.168.156,2
151.95.49.18,1
92.127.211.82,1
83.87.233.110,1
94.51.35.7,2
36.226.18.152,1
201.249.108.140,1
5.137.224.87,1
31.163.25.38,1
5.228.139.21,1
88.182.176.38,2
46.233.202.93,1
93.124.84.104,1
95.84.183.241,1
178.46.89.135,1
5.137.201.4,1
31.162.222.67,1
179.108.75.125,1
5.138.133.86,1
58.137.28.17,1
61.219.77.198,1
94.50.174.213,1
92.127.177.41,1
190.129.6.40,1
14.187.40.159,1
201.71.142.188,1
69.36.211.193,1
111.254.49.224,1
143.255.207.45,1
95.191.204.178,1
188.19.152.145,1
27.74.249.18,1
177.124.184.117,1
1.162.123.11,1
31.8.69.239,1
80.13.99.162,1
178.35.26.18,1
14.169.104.70,1
95.191.196.250,1
186.228.57.75,1
90.22.233.249,1
217.22.38.241,1
43.245.207.129,1
178.124.167.1,1
5.142.149.132,1
178.47.174.251,1
92.127.198.7,1
148.0.58.246,1
14.183.23.40,1
201.71.142.68,1
143.255.205.148,1
90.151.199.120,1
14.177.52.93,1
37.20.200.13,1
181.199.155.55,1
2.60.182.129,1
79.105.88.109,1
37.252.79.154,1
93.120.152.9,1
95.191.253.245,1
95.28.9.19,1
37.252.93.242,1
79.105.159.44,1
176.51.73.18,1
31.162.117.167,1
62.99.80.189,1
14.162.181.26,1
114.27.72.224,1
87.119.226.235,1
92.127.252.226,1
14.186.50.5,1
59.125.35.98,1
213.228.71.62,1
94.50.245.45,1
1.164.103.56,1
68.34.112.251,1
31.162.227.230,1
41.140.134.4,1
41.169.89.116,1
14.177.216.182,1
31.162.218.56,1
89.254.192.153,1
178.187.214.66,1
46.151.244.4,1
88.183.149.193,1
92.100.133.172,1
202.142.190.244,1
85.238.106.16,1
111.240.140.38,1
2.191.7.5,1
14.201.14.29,1
94.50.248.130,1
14.162.206.170,1
131.108.103.4,1
92.127.255.126,1
14.186.233.139,1
182.75.117.98,1
59.125.15.33,1
189.73.197.17,1
193.239.141.150,1
37.23.245.182,1
191.243.185.50,1
14.162.222.150,1
188.19.27.193,1
1.168.234.227,1
31.163.12.12,1
188.19.27.155,1
220.142.121.12,1
177.184.89.105,1
177.184.90.69,1
178.66.109.88,1
176.51.84.200,1
177.184.89.32,1
177.92.25.138,3
187.115.73.70,2
151.12.60.131,486
75.108.24.190,6
113.161.85.216,2
123.163.52.51,2
106.75.139.86,2
61.143.152.6,1
210.212.93.46,1
61.143.152.2,1
213.32.70.251,2
112.74.76.94,2
92.39.68.139,3
59.182.17.230,1
125.141.35.39,12
185.173.25.208,3
193.201.225.124,29
121.130.72.158,1
1.206.7.94,1
23.251.216.66,1
189.209.167.237,3
41.234.42.244,1
121.134.178.234,2
150.95.146.204,106
116.54.196.73,1
80.236.33.98,36
24.27.63.236,3
118.175.31.131,2
211.167.101.137,49
171.212.142.159,1
188.18.253.68,1
185.22.186.200,19
124.131.169.108,1
191.81.6.135,1
82.85.187.101,2
74.208.80.243,3
1.55.45.138,1
201.178.14.161,3
41.79.247.26,1
77.247.250.18,2
190.48.48.177,1
1.160.38.196,1
188.19.30.226,1
181.211.177.222,1
47.52.0.198,5
190.151.86.195,2
191.82.15.61,1
106.80.112.155,1
188.138.41.136,3
91.224.161.73,18
210.212.23.115,8
37.221.213.27,2
117.1.246.96,2
52.53.239.201,1
77.41.122.127,1
116.24.155.164,1
114.57.238.85,1
117.18.79.201,1
179.102.185.31,1
191.82.43.172,2
122.144.200.133,2
122.161.204.35,1
211.190.4.92,2
195.214.165.26,3
77.81.235.82,2
187.87.206.165,1
61.152.125.28,3
112.64.32.227,3
201.213.164.243,2
201.213.164.27,1
171.214.204.80,1
200.178.253.214,1
113.124.161.64,1
70.15.210.3,1
190.175.43.29,2
180.125.154.222,1
88.202.49.250,1
211.63.193.93,3
85.93.5.71,1
85.93.5.70,1
91.201.118.21,2
52.32.226.88,106
61.174.171.61,2
221.229.197.139,13
107.13.224.151,1
58.101.135.1,1
222.209.224.80,15
155.133.82.12,3
201.179.10.254,1
127.213.25.139,8
54.88.109.46,13
73.162.150.195,1
113.122.13.77,1
124.16.71.158,1
76.27.36.144,1
61.188.176.134,9
62.210.130.166,3
116.232.84.232,1
50.224.4.179,3
112.4.190.197,8
24.77.44.72,1
124.161.43.78,1
83.169.223.155,1
113.108.239.8,6
217.34.34.97,1
91.200.12.30,1
168.227.224.70,3
189.34.13.203,1
213.74.143.10,6
107.178.103.76,12
122.224.152.141,1
113.200.102.188,8
223.255.145.158,1
183.108.225.38,1
182.33.215.224,1
198.166.21.108,4
188.212.100.78,6
